Date time,Automatic Weather Station,Relative Humidity(percent)
202610092020,Chek Lap Kok,59
202610092020,Cheung Chau,73
202610092020,Clear Water Bay,76
202610092020,HK Observatory,63
202610092020,HK Park,65
202610092020,Kai Tak Runway Park,63
202610092020,Kau Sai Chau,85
202610092020,King's Park,68
202610092020,Kowloon City,65
202610092020,Lau Fau Shan,70
202610092020,Pak Tam Chung,95
202610092020,Peng Chau,66
202610092020,Sai Kung,75
202610092020,Sha Tin,72
202610092020,Shau Kei Wan,69
202610092020,Shek Kong,72
202610092020,Sheung Shui,61
202610092020,Ta Kwu Ling,73
202610092020,Tai Lung,86
202610092020,Tai Po,73
202610092020,Tseung Kwan O,87
202610092020,Tsing Yi,63
202610092020,Tuen Mun,70
202610092020,Waglan Island,78
202610092020,Wetland Park,64
202610092020,Wong Chuk Hang,77
